Workbook

Sheet Population
A1: West Virginia County Population, 2000-2025 (sourced Census figures only; blank = not available in source used)
A3: County | B3: 2000 | C3: 2001 | D3: 2002 | E3: 2003 | F3: 2004 | G3: 2005 | H3: 2006 | I3: 2007 | J3: 2008 | K3: 2009 | L3: 2010 | M3: 2011 | N3: 2012 | O3: 2013 | P3: 2014 | Q3: 2015 | R3: 2016 | S3: 2017 | T3: 2018 | U3: 2019 | V3: 2020 | W3: 2021 | X3: 2022 | Y3: 2023 | Z3: 2024 | AA3: 2025
A4: Barbour County | B4: 15557 | L4: 16589 | V4: 15459 | Z4: 15369
A5: Berkeley County | B5: 75905 | L5: 104169 | V5: 122070 | Z5: 136287
A6: Boone County | B6: 25535 | L6: 24629 | V6: 21810 | Z6: 20496
A7: Braxton County | B7: 14702 | L7: 14523 | V7: 12446 | Z7: 12051
A8: Brooke County | B8: 25447 | L8: 24069 | V8: 22558 | Z8: 21285
A9: Cabell County | B9: 96784 | L9: 96319 | V9: 94350 | Z9: 91489
A10: Calhoun County | B10: 7582 | L10: 7627 | V10: 6224 | Z10: 5873
A11: Clay County | B11: 10330 | L11: 9386 | V11: 8055 | Z11: 7689
A12: Doddridge County | B12: 7403 | L12: 8202 | V12: 7810 | Z12: 7615
A13: Fayette County | B13: 47579 | L13: 46039 | V13: 40499 | Z13: 38600
A14: Gilmer County | B14: 7160 | L14: 8693 | V14: 7418 | Z14: 7116
A15: Grant County | B15: 11299 | L15: 11937 | V15: 10980 | Z15: 10971
... A58: Wyoming County | B58: 25708 | L58: 23796 | V58: 21384 | Z58: 19964
A59: West Virginia total | B59: =IF(COUNT(B4:B58)=0,"",SUM(B4:B58)) -> 1808344 | C59: =IF(COUNT(C4:C58)=0,"",SUM(C4:C58)) | D59: =IF(COUNT(D4:D58)=0,"",SUM(D4:D58)) | E59: =IF(COUNT(E4:E58)=0,"",SUM(E4:E58)) | F59: =IF(COUNT(F4:F58)=0,"",SUM(F4:F58)) | G59: =IF(COUNT(G4:G58)=0,"",SUM(G4:G58)) | H59: =IF(COUNT(H4:H58)=0,"",SUM(H4:H58)) | I59: =IF(COUNT(I4:I58)=0,"",SUM(I4:I58)) | ... AA59: =IF(COUNT(AA4:AA58)=0,"",SUM(AA4:AA58))
A61: Source: U.S. Census Bureau via citypopulation.de/en/usa/westvirginia. 2000, 2010, 2020 = April 1 census counts; 2024 = July 1 population estimate. Blue = hardcoded source values.

Sheet Interpolated (approx)
A1: APPROXIMATE straight-line interpolation between the sourced years. NOT official Census annual estimates.
A3: County | B3: 2000 | C3: 2001 | D3: 2002 | E3: 2003 | F3: 2004 | G3: 2005 | H3: 2006 | I3: 2007 | J3: 2008 | K3: 2009 | L3: 2010 | M3: 2011 | N3: 2012 | O3: 2013 | P3: 2014 | Q3: 2015 | R3: 2016 | S3: 2017 | T3: 2018 | U3: 2019 | V3: 2020 | W3: 2021 | X3: 2022 | Y3: 2023 | Z3: 2024 | AA3: 2025
A4: =Population!A4 -> Barbour County | B4: =Population!B4 -> 15557 | C4: =Population!B4+(Population!L4-Population!B4)*(2001-2000)/(2010-2000) -> 15660.2 | D4: =Population!B4+(Population!L4-Population!B4)*(2002-2000)/(2010-2000) -> 15763.4 | E4: =Population!B4+(Population!L4-Population!B4)*(2003-2000)/(2010-2000) -> 15866.6 | F4: =Population!B4+(Population!L4-Population!B4)*(2004-2000)/(2010-2000) -> 15969.8 | G4: =Population!B4+(Population!L4-Population!B4)*(2005-2000)/(2010-2000) -> 16073 | H4: =Population!B4+(Population!L4-Population!B4)*(2006-2000)/(2010-2000) -> 16176.2 | I4: =Population!B4+(Population!L4-Population!B4)*(2007-2000)/(2010-2000) -> 16279.4 | J4: =Population!B4+(Population!L4-Population!B4)*(2008-2000)/(2010-2000) -> 16382.6 | K4: =Population!B4+(Population!L4-Population!B4)*(2009-2000)/(2010-2000) -> 16485.8 | L4: =Population!L4 -> 16589 | M4: =Population!L4+(Population!V4-Population!L4)*(2011-2010)/(2020-2010) -> 16476 | N4: =Population!L4+(Population!V4-Population!L4)*(2012-2010)/(2020-2010) -> 16363 | O4: =Population!L4+(Population!V4-Population!L4)*(2013-2010)/(2020-2010) -> 16250 | P4: =Population!L4+(Population!V4-Population!L4)*(2014-2010)/(2020-2010) -> 16137 | Q4: =Population!L4+(Population!V4-Population!L4)*(2015-2010)/(2020-2010) -> 16024 | R4: =Population!L4+(Population!V4-Population!L4)*(2016-2010)/(2020-2010) -> 15911 | S4: =Population!L4+(Population!V4-Population!L4)*(2017-2010)/(2020-2010) -> 15798 | T4: =Population!L4+(Population!V4-Population!L4)*(2018-2010)/(2020-2010) -> 15685 | U4: =Population!L4+(Population!V4-Population!L4)*(2019-2010)/(2020-2010) -> 15572 | V4: =Population!V4 -> 15459 | W4: =Population!V4+(Population!Z4-Population!V4)*(2021-2020)/(2024-2020) -> 15436.5 | X4: =Population!V4+(Population!Z4-Population!V4)*(2022-2020)/(2024-2020) -> 15414 | Y4: =Population!V4+(Population!Z4-Population!V4)*(2023-2020)/(2024-2020) -> 15391.5 | Z4: =Population!Z4 -> 15369
A5: =Population!A5 -> Berkeley County | B5: =Population!B5 -> 75905 | C5: =Population!B5+(Population!L5-Population!B5)*(2001-2000)/(2010-2000) -> 78731.4 | D5: =Population!B5+(Population!L5-Population!B5)*(2002-2000)/(2010-2000) -> 81557.8 | E5: =Population!B5+(Population!L5-Population!B5)*(2003-2000)/(2010-2000) -> 84384.2 | F5: =Population!B5+(Population!L5-Population!B5)*(2004-2000)/(2010-2000) -> 87210.6 | G5: =Population!B5+(Population!L5-Population!B5)*(2005-2000)/(2010-2000) -> 90037 | H5: =Population!B5+(Population!L5-Population!B5)*(2006-2000)/(2010-2000) -> 92863.4 | I5: =Population!B5+(Population!L5-Population!B5)*(2007-2000)/(2010-2000) -> 95689.8 | J5: =Population!B5+(Population!L5-Population!B5)*(2008-2000)/(2010-2000) -> 98516.2 | K5: =Population!B5+(Population!L5-Population!B5)*(2009-2000)/(2010-2000) -> 101342.6 | L5: =Population!L5 -> 104169 | M5: =Population!L5+(Population!V5-Population!L5)*(2011-2010)/(2020-2010) -> 105959.1 | N5: =Population!L5+(Population!V5-Population!L5)*(2012-2010)/(2020-2010) -> 107749.2 | O5: =Population!L5+(Population!V5-Population!L5)*(2013-2010)/(2020-2010) -> 109539.3 | P5: =Population!L5+(Population!V5-Population!L5)*(2014-2010)/(2020-2010) -> 111329.4 | Q5: =Population!L5+(Population!V5-Population!L5)*(2015-2010)/(2020-2010) -> 113119.5 | R5: =Population!L5+(Population!V5-Population!L5)*(2016-2010)/(2020-2010) -> 114909.6 | S5: =Population!L5+(Population!V5-Population!L5)*(2017-2010)/(2020-2010) -> 116699.7 | T5: =Population!L5+(Population!V5-Population!L5)*(2018-2010)/(2020-2010) -> 118489.8 | U5: =Population!L5+(Population!V5-Population!L5)*(2019-2010)/(2020-2010) -> 120279.9 | V5: =Population!V5 -> 122070 | W5: =Population!V5+(Population!Z5-Population!V5)*(2021-2020)/(2024-2020) -> 125624.25 | X5: =Population!V5+(Population!Z5-Population!V5)*(2022-2020)/(2024-2020) -> 129178.5 | Y5: =Population!V5+(Population!Z5-Population!V5)*(2023-2020)/(2024-2020) -> 132732.75 | Z5: =Population!Z5 -> 136287
A6: =Population!A6 -> Boone County | B6: =Population!B6 -> 25535 | C6: =Population!B6+(Population!L6-Population!B6)*(2001-2000)/(2010-2000) -> 25444.4 | D6: =Population!B6+(Population!L6-Population!B6)*(2002-2000)/(2010-2000) -> 25353.8 | E6: =Population!B6+(Population!L6-Population!B6)*(2003-2000)/(2010-2000) -> 25263.2 | F6: =Population!B6+(Population!L6-Population!B6)*(2004-2000)/(2010-2000) -> 25172.6 | G6: =Population!B6+(Population!L6-Population!B6)*(2005-2000)/(2010-2000) -> 25082 | H6: =Population!B6+(Population!L6-Population!B6)*(2006-2000)/(2010-2000) -> 24991.4 | I6: =Population!B6+(Population!L6-Population!B6)*(2007-2000)/(2010-2000) -> 24900.8 | J6: =Population!B6+(Population!L6-Population!B6)*(2008-2000)/(2010-2000) -> 24810.2 | K6: =Population!B6+(Population!L6-Population!B6)*(2009-2000)/(2010-2000) -> 24719.6 | L6: =Population!L6 -> 24629 | M6: =Population!L6+(Population!V6-Population!L6)*(2011-2010)/(2020-2010) -> 24347.1 | N6: =Population!L6+(Population!V6-Population!L6)*(2012-2010)/(2020-2010) -> 24065.2 | O6: =Population!L6+(Population!V6-Population!L6)*(2013-2010)/(2020-2010) -> 23783.3 | P6: =Population!L6+(Population!V6-Population!L6)*(2014-2010)/(2020-2010) -> 23501.4 | Q6: =Population!L6+(Population!V6-Population!L6)*(2015-2010)/(2020-2010) -> 23219.5 | R6: =Population!L6+(Population!V6-Population!L6)*(2016-2010)/(2020-2010) -> 22937.6 | S6: =Population!L6+(Population!V6-Population!L6)*(2017-2010)/(2020-2010) -> 22655.7 | T6: =Population!L6+(Population!V6-Population!L6)*(2018-2010)/(2020-2010) -> 22373.8 | U6: =Population!L6+(Population!V6-Population!L6)*(2019-2010)/(2020-2010) -> 22091.9 | V6: =Population!V6 -> 21810 | W6: =Population!V6+(Population!Z6-Population!V6)*(2021-2020)/(2024-2020) -> 21481.5 | X6: =Population!V6+(Population!Z6-Population!V6)*(2022-2020)/(2024-2020) -> 21153 | Y6: =Population!V6+(Population!Z6-Population!V6)*(2023-2020)/(2024-2020) -> 20824.5 | Z6: =Population!Z6 -> 20496
A7: =Population!A7 -> Braxton County | B7: =Population!B7 -> 14702 | C7: =Population!B7+(Population!L7-Population!B7)*(2001-2000)/(2010-2000) -> 14684.1 | D7: =Population!B7+(Population!L7-Population!B7)*(2002-2000)/(2010-2000) -> 14666.2 | E7: =Population!B7+(Population!L7-Population!B7)*(2003-2000)/(2010-2000) -> 14648.3 | F7: =Population!B7+(Population!L7-Population!B7)*(2004-2000)/(2010-2000) -> 14630.4 | G7: =Population!B7+(Population!L7-Population!B7)*(2005-2000)/(2010-2000) -> 14612.5 | H7: =Population!B7+(Population!L7-Population!B7)*(2006-2000)/(2010-2000) -> 14594.6 | I7: =Population!B7+(Population!L7-Population!B7)*(2007-2000)/(2010-2000) -> 14576.7 | J7: =Population!B7+(Population!L7-Population!B7)*(2008-2000)/(2010-2000) -> 14558.8 | K7: =Population!B7+(Population!L7-Population!B7)*(2009-2000)/(2010-2000) -> 14540.9 | L7: =Population!L7 -> 14523 | M7: =Population!L7+(Population!V7-Population!L7)*(2011-2010)/(2020-2010) -> 14315.3 | N7: =Population!L7+(Population!V7-Population!L7)*(2012-2010)/(2020-2010) -> 14107.6 | O7: =Population!L7+(Population!V7-Population!L7)*(2013-2010)/(2020-2010) -> 13899.9 | P7: =Population!L7+(Population!V7-Population!L7)*(2014-2010)/(2020-2010) -> 13692.2 | Q7: =Population!L7+(Population!V7-Population!L7)*(2015-2010)/(2020-2010) -> 13484.5 | R7: =Population!L7+(Population!V7-Population!L7)*(2016-2010)/(2020-2010) -> 13276.8 | S7: =Population!L7+(Population!V7-Population!L7)*(2017-2010)/(2020-2010) -> 13069.1 | T7: =Population!L7+(Population!V7-Population!L7)*(2018-2010)/(2020-2010) -> 12861.4 | U7: =Population!L7+(Population!V7-Population!L7)*(2019-2010)/(2020-2010) -> 12653.7 | V7: =Population!V7 -> 12446 | W7: =Population!V7+(Population!Z7-Population!V7)*(2021-2020)/(2024-2020) -> 12347.25 | X7: =Population!V7+(Population!Z7-Population!V7)*(2022-2020)/(2024-2020) -> 12248.5 | Y7: =Population!V7+(Population!Z7-Population!V7)*(2023-2020)/(2024-2020) -> 12149.75 | Z7: =Population!Z7 -> 12051
A8: =Population!A8 -> Brooke County | B8: =Population!B8 -> 25447 | C8: =Population!B8+(Population!L8-Population!B8)*(2001-2000)/(2010-2000) -> 25309.2 | D8: =Population!B8+(Population!L8-Population!B8)*(2002-2000)/(2010-2000) -> 25171.4 | E8: =Population!B8+(Population!L8-Population!B8)*(2003-2000)/(2010-2000) -> 25033.6 | F8: =Population!B8+(Population!L8-Population!B8)*(2004-2000)/(2010-2000) -> 24895.8 | G8: =Population!B8+(Population!L8-Population!B8)*(2005-2000)/(2010-2000) -> 24758 | H8: =Population!B8+(Population!L8-Population!B8)*(2006-2000)/(2010-2000) -> 24620.2 | I8: =Population!B8+(Population!L8-Population!B8)*(2007-2000)/(2010-2000) -> 24482.4 | J8: =Population!B8+(Population!L8-Population!B8)*(2008-2000)/(2010-2000) -> 24344.6 | K8: =Population!B8+(Population!L8-Population!B8)*(2009-2000)/(2010-2000) -> 24206.8 | L8: =Population!L8 -> 24069 | M8: =Population!L8+(Population!V8-Population!L8)*(2011-2010)/(2020-2010) -> 23917.9 | N8: =Population!L8+(Population!V8-Population!L8)*(2012-2010)/(2020-2010) -> 23766.8 | O8: =Population!L8+(Population!V8-Population!L8)*(2013-2010)/(2020-2010) -> 23615.7 | P8: =Population!L8+(Population!V8-Population!L8)*(2014-2010)/(2020-2010) -> 23464.6 | Q8: =Population!L8+(Population!V8-Population!L8)*(2015-2010)/(2020-2010) -> 23313.5 | R8: =Population!L8+(Population!V8-Population!L8)*(2016-2010)/(2020-2010) -> 23162.4 | S8: =Population!L8+(Population!V8-Population!L8)*(2017-2010)/(2020-2010) -> 23011.3 | T8: =Population!L8+(Population!V8-Population!L8)*(2018-2010)/(2020-2010) -> 22860.2 | U8: =Population!L8+(Population!V8-Population!L8)*(2019-2010)/(2020-2010) -> 22709.1 | V8: =Population!V8 -> 22558 | W8: =Population!V8+(Population!Z8-Population!V8)*(2021-2020)/(2024-2020) -> 22239.75 | X8: =Population!V8+(Population!Z8-Population!V8)*(2022-2020)/(2024-2020) -> 21921.5 | Y8: =Population!V8+(Population!Z8-Population!V8)*(2023-2020)/(2024-2020) -> 21603.25 | Z8: =Population!Z8 -> 21285
A9: =Population!A9 -> Cabell County | B9: =Population!B9 -> 96784 | C9: =Population!B9+(Population!L9-Population!B9)*(2001-2000)/(2010-2000) -> 96737.5 | D9: =Population!B9+(Population!L9-Population!B9)*(2002-2000)/(2010-2000) -> 96691 | E9: =Population!B9+(Population!L9-Population!B9)*(2003-2000)/(2010-2000) -> 96644.5 | F9: =Population!B9+(Population!L9-Population!B9)*(2004-2000)/(2010-2000) -> 96598 | G9: =Population!B9+(Population!L9-Population!B9)*(2005-2000)/(2010-2000) -> 96551.5 | H9: =Population!B9+(Population!L9-Population!B9)*(2006-2000)/(2010-2000) -> 96505 | I9: =Population!B9+(Population!L9-Population!B9)*(2007-2000)/(2010-2000) -> 96458.5 | J9: =Population!B9+(Population!L9-Population!B9)*(2008-2000)/(2010-2000) -> 96412 | K9: =Population!B9+(Population!L9-Population!B9)*(2009-2000)/(2010-2000) -> 96365.5 | L9: =Population!L9 -> 96319 | M9: =Population!L9+(Population!V9-Population!L9)*(2011-2010)/(2020-2010) -> 96122.1 | N9: =Population!L9+(Population!V9-Population!L9)*(2012-2010)/(2020-2010) -> 95925.2 | O9: =Population!L9+(Population!V9-Population!L9)*(2013-2010)/(2020-2010) -> 95728.3 | P9: =Population!L9+(Population!V9-Population!L9)*(2014-2010)/(2020-2010) -> 95531.4 | Q9: =Population!L9+(Population!V9-Population!L9)*(2015-2010)/(2020-2010) -> 95334.5 | R9: =Population!L9+(Population!V9-Population!L9)*(2016-2010)/(2020-2010) -> 95137.6 | S9: =Population!L9+(Population!V9-Population!L9)*(2017-2010)/(2020-2010) -> 94940.7 | T9: =Population!L9+(Population!V9-Population!L9)*(2018-2010)/(2020-2010) -> 94743.8 | U9: =Population!L9+(Population!V9-Population!L9)*(2019-2010)/(2020-2010) -> 94546.9 | V9: =Population!V9 -> 94350 | W9: =Population!V9+(Population!Z9-Population!V9)*(2021-2020)/(2024-2020) -> 93634.75 | X9: =Population!V9+(Population!Z9-Population!V9)*(2022-2020)/(2024-2020) -> 92919.5 | Y9: =Population!V9+(Population!Z9-Population!V9)*(2023-2020)/(2024-2020) -> 92204.25 | Z9: =Population!Z9 -> 91489
A10: =Population!A10 -> Calhoun County | B10: =Population!B10 -> 7582 | C10: =Population!B10+(Population!L10-Population!B10)*(2001-2000)/(2010-2000) -> 7586.5 | D10: =Population!B10+(Population!L10-Population!B10)*(2002-2000)/(2010-2000) -> 7591 | E10: =Population!B10+(Population!L10-Population!B10)*(2003-2000)/(2010-2000) -> 7595.5 | F10: =Population!B10+(Population!L10-Population!B10)*(2004-2000)/(2010-2000) -> 7600 | G10: =Population!B10+(Population!L10-Population!B10)*(2005-2000)/(2010-2000) -> 7604.5 | H10: =Population!B10+(Population!L10-Population!B10)*(2006-2000)/(2010-2000) -> 7609 | I10: =Population!B10+(Population!L10-Population!B10)*(2007-2000)/(2010-2000) -> 7613.5 | J10: =Population!B10+(Population!L10-Population!B10)*(2008-2000)/(2010-2000) -> 7618 | K10: =Population!B10+(Population!L10-Population!B10)*(2009-2000)/(2010-2000) -> 7622.5 | L10: =Population!L10 -> 7627 | M10: =Population!L10+(Population!V10-Population!L10)*(2011-2010)/(2020-2010) -> 7486.7 | N10: =Population!L10+(Population!V10-Population!L10)*(2012-2010)/(2020-2010) -> 7346.4 | O10: =Population!L10+(Population!V10-Population!L10)*(2013-2010)/(2020-2010) -> 7206.1 | P10: =Population!L10+(Population!V10-Population!L10)*(2014-2010)/(2020-2010) -> 7065.8 | Q10: =Population!L10+(Population!V10-Population!L10)*(2015-2010)/(2020-2010) -> 6925.5 | R10: =Population!L10+(Population!V10-Population!L10)*(2016-2010)/(2020-2010) -> 6785.2 | S10: =Population!L10+(Population!V10-Population!L10)*(2017-2010)/(2020-2010) -> 6644.9 | T10: =Population!L10+(Population!V10-Population!L10)*(2018-2010)/(2020-2010) -> 6504.6 | U10: =Population!L10+(Population!V10-Population!L10)*(2019-2010)/(2020-2010) -> 6364.3 | V10: =Population!V10 -> 6224 | W10: =Population!V10+(Population!Z10-Population!V10)*(2021-2020)/(2024-2020) -> 6136.25 | X10: =Population!V10+(Population!Z10-Population!V10)*(2022-2020)/(2024-2020) -> 6048.5 | Y10: =Population!V10+(Population!Z10-Population!V10)*(2023-2020)/(2024-2020) -> 5960.75 | Z10: =Population!Z10 -> 5873
A11: =Population!A11 -> Clay County | B11: =Population!B11 -> 10330 | C11: =Population!B11+(Population!L11-Population!B11)*(2001-2000)/(2010-2000) -> 10235.6 | D11: =Population!B11+(Population!L11-Population!B11)*(2002-2000)/(2010-2000) -> 10141.2 | E11: =Population!B11+(Population!L11-Population!B11)*(2003-2000)/(2010-2000) -> 10046.8 | F11: =Population!B11+(Population!L11-Population!B11)*(2004-2000)/(2010-2000) -> 9952.4 | G11: =Population!B11+(Population!L11-Population!B11)*(2005-2000)/(2010-2000) -> 9858 | H11: =Population!B11+(Population!L11-Population!B11)*(2006-2000)/(2010-2000) -> 9763.6 | I11: =Population!B11+(Population!L11-Population!B11)*(2007-2000)/(2010-2000) -> 9669.2 | J11: =Population!B11+(Population!L11-Population!B11)*(2008-2000)/(2010-2000) -> 9574.8 | K11: =Population!B11+(Population!L11-Population!B11)*(2009-2000)/(2010-2000) -> 9480.4 | L11: =Population!L11 -> 9386 | M11: =Population!L11+(Population!V11-Population!L11)*(2011-2010)/(2020-2010) -> 9252.9 | N11: =Population!L11+(Population!V11-Population!L11)*(2012-2010)/(2020-2010) -> 9119.8 | O11: =Population!L11+(Population!V11-Population!L11)*(2013-2010)/(2020-2010) -> 8986.7 | P11: =Population!L11+(Population!V11-Population!L11)*(2014-2010)/(2020-2010) -> 8853.6 | Q11: =Population!L11+(Population!V11-Population!L11)*(2015-2010)/(2020-2010) -> 8720.5 | R11: =Population!L11+(Population!V11-Population!L11)*(2016-2010)/(2020-2010) -> 8587.4 | S11: =Population!L11+(Population!V11-Population!L11)*(2017-2010)/(2020-2010) -> 8454.3 | T11: =Population!L11+(Population!V11-Population!L11)*(2018-2010)/(2020-2010) -> 8321.2 | U11: =Population!L11+(Population!V11-Population!L11)*(2019-2010)/(2020-2010) -> 8188.1 | V11: =Population!V11 -> 8055 | W11: =Population!V11+(Population!Z11-Population!V11)*(2021-2020)/(2024-2020) -> 7963.5 | X11: =Population!V11+(Population!Z11-Population!V11)*(2022-2020)/(2024-2020) -> 7872 | Y11: =Population!V11+(Population!Z11-Population!V11)*(2023-2020)/(2024-2020) -> 7780.5 | Z11: =Population!Z11 -> 7689
A12: =Population!A12 -> Doddridge County | B12: =Population!B12 -> 7403 | C12: =Population!B12+(Population!L12-Population!B12)*(2001-2000)/(2010-2000) -> 7482.9 | D12: =Population!B12+(Population!L12-Population!B12)*(2002-2000)/(2010-2000) -> 7562.8 | E12: =Population!B12+(Population!L12-Population!B12)*(2003-2000)/(2010-2000) -> 7642.7 | F12: =Population!B12+(Population!L12-Population!B12)*(2004-2000)/(2010-2000) -> 7722.6 | G12: =Population!B12+(Population!L12-Population!B12)*(2005-2000)/(2010-2000) -> 7802.5 | H12: =Population!B12+(Population!L12-Population!B12)*(2006-2000)/(2010-2000) -> 7882.4 | I12: =Population!B12+(Population!L12-Population!B12)*(2007-2000)/(2010-2000) -> 7962.3 | J12: =Population!B12+(Population!L12-Population!B12)*(2008-2000)/(2010-2000) -> 8042.2 | K12: =Population!B12+(Population!L12-Population!B12)*(2009-2000)/(2010-2000) -> 8122.1 | L12: =Population!L12 -> 8202 | M12: =Population!L12+(Population!V12-Population!L12)*(2011-2010)/(2020-2010) -> 8162.8 | N12: =Population!L12+(Population!V12-Population!L12)*(2012-2010)/(2020-2010) -> 8123.6 | O12: =Population!L12+(Population!V12-Population!L12)*(2013-2010)/(2020-2010) -> 8084.4 | P12: =Population!L12+(Population!V12-Population!L12)*(2014-2010)/(2020-2010) -> 8045.2 | Q12: =Population!L12+(Population!V12-Population!L12)*(2015-2010)/(2020-2010) -> 8006 | R12: =Population!L12+(Population!V12-Population!L12)*(2016-2010)/(2020-2010) -> 7966.8 | S12: =Population!L12+(Population!V12-Population!L12)*(2017-2010)/(2020-2010) -> 7927.6 | T12: =Population!L12+(Population!V12-Population!L12)*(2018-2010)/(2020-2010) -> 7888.4 | U12: =Population!L12+(Population!V12-Population!L12)*(2019-2010)/(2020-2010) -> 7849.2 | V12: =Population!V12 -> 7810 | W12: =Population!V12+(Population!Z12-Population!V12)*(2021-2020)/(2024-2020) -> 7761.25 | X12: =Population!V12+(Population!Z12-Population!V12)*(2022-2020)/(2024-2020) -> 7712.5 | Y12: =Population!V12+(Population!Z12-Population!V12)*(2023-2020)/(2024-2020) -> 7663.75 | Z12: =Population!Z12 -> 7615
A13: =Population!A13 -> Fayette County | B13: =Population!B13 -> 47579 | C13: =Population!B13+(Population!L13-Population!B13)*(2001-2000)/(2010-2000) -> 47425 | D13: =Population!B13+(Population!L13-Population!B13)*(2002-2000)/(2010-2000) -> 47271 | E13: =Population!B13+(Population!L13-Population!B13)*(2003-2000)/(2010-2000) -> 47117 | F13: =Population!B13+(Population!L13-Population!B13)*(2004-2000)/(2010-2000) -> 46963 | G13: =Population!B13+(Population!L13-Population!B13)*(2005-2000)/(2010-2000) -> 46809 | H13: =Population!B13+(Population!L13-Population!B13)*(2006-2000)/(2010-2000) -> 46655 | I13: =Population!B13+(Population!L13-Population!B13)*(2007-2000)/(2010-2000) -> 46501 | J13: =Population!B13+(Population!L13-Population!B13)*(2008-2000)/(2010-2000) -> 46347 | K13: =Population!B13+(Population!L13-Population!B13)*(2009-2000)/(2010-2000) -> 46193 | L13: =Population!L13 -> 46039 | M13: =Population!L13+(Population!V13-Population!L13)*(2011-2010)/(2020-2010) -> 45485 | N13: =Population!L13+(Population!V13-Population!L13)*(2012-2010)/(2020-2010) -> 44931 | O13: =Population!L13+(Population!V13-Population!L13)*(2013-2010)/(2020-2010) -> 44377 | P13: =Population!L13+(Population!V13-Population!L13)*(2014-2010)/(2020-2010) -> 43823 | Q13: =Population!L13+(Population!V13-Population!L13)*(2015-2010)/(2020-2010) -> 43269 | R13: =Population!L13+(Population!V13-Population!L13)*(2016-2010)/(2020-2010) -> 42715 | S13: =Population!L13+(Population!V13-Population!L13)*(2017-2010)/(2020-2010) -> 42161 | T13: =Population!L13+(Population!V13-Population!L13)*(2018-2010)/(2020-2010) -> 41607 | U13: =Population!L13+(Population!V13-Population!L13)*(2019-2010)/(2020-2010) -> 41053 | V13: =Population!V13 -> 40499 | W13: =Population!V13+(Population!Z13-Population!V13)*(2021-2020)/(2024-2020) -> 40024.25 | X13: =Population!V13+(Population!Z13-Population!V13)*(2022-2020)/(2024-2020) -> 39549.5 | Y13: =Population!V13+(Population!Z13-Population!V13)*(2023-2020)/(2024-2020) -> 39074.75 | Z13: =Population!Z13 -> 38600
A14: =Population!A14 -> Gilmer County | B14: =Population!B14 -> 7160 | C14: =Population!B14+(Population!L14-Population!B14)*(2001-2000)/(2010-2000) -> 7313.3 | D14: =Population!B14+(Population!L14-Population!B14)*(2002-2000)/(2010-2000) -> 7466.6 | E14: =Population!B14+(Population!L14-Population!B14)*(2003-2000)/(2010-2000) -> 7619.9 | F14: =Population!B14+(Population!L14-Population!B14)*(2004-2000)/(2010-2000) -> 7773.2 | G14: =Population!B14+(Population!L14-Population!B14)*(2005-2000)/(2010-2000) -> 7926.5 | H14: =Population!B14+(Population!L14-Population!B14)*(2006-2000)/(2010-2000) -> 8079.8 | I14: =Population!B14+(Population!L14-Population!B14)*(2007-2000)/(2010-2000) -> 8233.1 | J14: =Population!B14+(Population!L14-Population!B14)*(2008-2000)/(2010-2000) -> 8386.4 | K14: =Population!B14+(Population!L14-Population!B14)*(2009-2000)/(2010-2000) -> 8539.7 | L14: =Population!L14 -> 8693 | M14: =Population!L14+(Population!V14-Population!L14)*(2011-2010)/(2020-2010) -> 8565.5 | N14: =Population!L14+(Population!V14-Population!L14)*(2012-2010)/(2020-2010) -> 8438 | O14: =Population!L14+(Population!V14-Population!L14)*(2013-2010)/(2020-2010) -> 8310.5 | P14: =Population!L14+(Population!V14-Population!L14)*(2014-2010)/(2020-2010) -> 8183 | Q14: =Population!L14+(Population!V14-Population!L14)*(2015-2010)/(2020-2010) -> 8055.5 | R14: =Population!L14+(Population!V14-Population!L14)*(2016-2010)/(2020-2010) -> 7928 | S14: =Population!L14+(Population!V14-Population!L14)*(2017-2010)/(2020-2010) -> 7800.5 | T14: =Population!L14+(Population!V14-Population!L14)*(2018-2010)/(2020-2010) -> 7673 | U14: =Population!L14+(Population!V14-Population!L14)*(2019-2010)/(2020-2010) -> 7545.5 | V14: =Population!V14 -> 7418 | W14: =Population!V14+(Population!Z14-Population!V14)*(2021-2020)/(2024-2020) -> 7342.5 | X14: =Population!V14+(Population!Z14-Population!V14)*(2022-2020)/(2024-2020) -> 7267 | Y14: =Population!V14+(Population!Z14-Population!V14)*(2023-2020)/(2024-2020) -> 7191.5 | Z14: =Population!Z14 -> 7116
A15: =Population!A15 -> Grant County | B15: =Population!B15 -> 11299 | C15: =Population!B15+(Population!L15-Population!B15)*(2001-2000)/(2010-2000) -> 11362.8 | D15: =Population!B15+(Population!L15-Population!B15)*(2002-2000)/(2010-2000) -> 11426.6 | E15: =Population!B15+(Population!L15-Population!B15)*(2003-2000)/(2010-2000) -> 11490.4 | F15: =Population!B15+(Population!L15-Population!B15)*(2004-2000)/(2010-2000) -> 11554.2 | G15: =Population!B15+(Population!L15-Population!B15)*(2005-2000)/(2010-2000) -> 11618 | H15: =Population!B15+(Population!L15-Population!B15)*(2006-2000)/(2010-2000) -> 11681.8 | I15: =Population!B15+(Population!L15-Population!B15)*(2007-2000)/(2010-2000) -> 11745.6 | J15: =Population!B15+(Population!L15-Population!B15)*(2008-2000)/(2010-2000) -> 11809.4 | K15: =Population!B15+(Population!L15-Population!B15)*(2009-2000)/(2010-2000) -> 11873.2 | L15: =Population!L15 -> 11937 | M15: =Population!L15+(Population!V15-Population!L15)*(2011-2010)/(2020-2010) -> 11841.3 | N15: =Population!L15+(Population!V15-Population!L15)*(2012-2010)/(2020-2010) -> 11745.6 | O15: =Population!L15+(Population!V15-Population!L15)*(2013-2010)/(2020-2010) -> 11649.9 | P15: =Population!L15+(Population!V15-Population!L15)*(2014-2010)/(2020-2010) -> 11554.2 | Q15: =Population!L15+(Population!V15-Population!L15)*(2015-2010)/(2020-2010) -> 11458.5 | R15: =Population!L15+(Population!V15-Population!L15)*(2016-2010)/(2020-2010) -> 11362.8 | S15: =Population!L15+(Population!V15-Population!L15)*(2017-2010)/(2020-2010) -> 11267.1 | T15: =Population!L15+(Population!V15-Population!L15)*(2018-2010)/(2020-2010) -> 11171.4 | U15: =Population!L15+(Population!V15-Population!L15)*(2019-2010)/(2020-2010) -> 11075.7 | V15: =Population!V15 -> 10980 | W15: =Population!V15+(Population!Z15-Population!V15)*(2021-2020)/(2024-2020) -> 10977.75 | X15: =Population!V15+(Population!Z15-Population!V15)*(2022-2020)/(2024-2020) -> 10975.5 | Y15: =Population!V15+(Population!Z15-Population!V15)*(2023-2020)/(2024-2020) -> 10973.25 | Z15: =Population!Z15 -> 10971
... A58: =Population!A58 -> Wyoming County | B58: =Population!B58 -> 25708 | C58: =Population!B58+(Population!L58-Population!B58)*(2001-2000)/(2010-2000) -> 25516.8 | D58: =Population!B58+(Population!L58-Population!B58)*(2002-2000)/(2010-2000) -> 25325.6 | E58: =Population!B58+(Population!L58-Population!B58)*(2003-2000)/(2010-2000) -> 25134.4 | F58: =Population!B58+(Population!L58-Population!B58)*(2004-2000)/(2010-2000) -> 24943.2 | G58: =Population!B58+(Population!L58-Population!B58)*(2005-2000)/(2010-2000) -> 24752 | H58: =Population!B58+(Population!L58-Population!B58)*(2006-2000)/(2010-2000) -> 24560.8 | I58: =Population!B58+(Population!L58-Population!B58)*(2007-2000)/(2010-2000) -> 24369.6 | J58: =Population!B58+(Population!L58-Population!B58)*(2008-2000)/(2010-2000) -> 24178.4 | K58: =Population!B58+(Population!L58-Population!B58)*(2009-2000)/(2010-2000) -> 23987.2 | L58: =Population!L58 -> 23796 | M58: =Population!L58+(Population!V58-Population!L58)*(2011-2010)/(2020-2010) -> 23554.8 | N58: =Population!L58+(Population!V58-Population!L58)*(2012-2010)/(2020-2010) -> 23313.6 | O58: =Population!L58+(Population!V58-Population!L58)*(2013-2010)/(2020-2010) -> 23072.4 | P58: =Population!L58+(Population!V58-Population!L58)*(2014-2010)/(2020-2010) -> 22831.2 | Q58: =Population!L58+(Population!V58-Population!L58)*(2015-2010)/(2020-2010) -> 22590 | R58: =Population!L58+(Population!V58-Population!L58)*(2016-2010)/(2020-2010) -> 22348.8 | S58: =Population!L58+(Population!V58-Population!L58)*(2017-2010)/(2020-2010) -> 22107.6 | T58: =Population!L58+(Population!V58-Population!L58)*(2018-2010)/(2020-2010) -> 21866.4 | U58: =Population!L58+(Population!V58-Population!L58)*(2019-2010)/(2020-2010) -> 21625.2 | V58: =Population!V58 -> 21384 | W58: =Population!V58+(Population!Z58-Population!V58)*(2021-2020)/(2024-2020) -> 21029 | X58: =Population!V58+(Population!Z58-Population!V58)*(2022-2020)/(2024-2020) -> 20674 | Y58: =Population!V58+(Population!Z58-Population!V58)*(2023-2020)/(2024-2020) -> 20319 | Z58: =Population!Z58 -> 19964
A60: Black = interpolated; green = linked to sourced values. 2025 left blank (no data and no extrapolation). Real annual trends can differ, especially for fast-growing or declining counties.
